date	count	package
2021-08-06	1	OCSdata
2021-08-07	17	OCSdata
2021-08-08	4	OCSdata
2021-08-09	29	OCSdata
2021-08-10	7	OCSdata
2021-08-11	43	OCSdata
2021-08-12	8	OCSdata
2021-08-13	25	OCSdata
2021-08-14	3	OCSdata
2021-08-15	39	OCSdata
2021-08-16	4	OCSdata
2021-08-17	2	OCSdata
2021-08-18	3	OCSdata
2021-08-19	21	OCSdata
2021-08-20	16	OCSdata
2021-08-21	3	OCSdata
2021-08-22	8	OCSdata
2021-08-23	42	OCSdata
2021-08-24	4	OCSdata
2021-08-25	40	OCSdata
2021-08-26	9	OCSdata
2021-08-27	8	OCSdata
2021-08-28	28	OCSdata
2021-08-29	1	OCSdata
2021-08-30	7	OCSdata
2021-08-31	32	OCSdata
2021-09-01	11	OCSdata
2021-09-02	4	OCSdata
2021-09-03	20	OCSdata
2021-09-04	1	OCSdata
2021-09-05	2	OCSdata
2021-09-06	19	OCSdata
2021-09-07	9	OCSdata
2021-09-08	11	OCSdata
2021-09-09	6	OCSdata
2021-09-10	21	OCSdata
2021-09-11	4	OCSdata
2021-09-12	11	OCSdata
2021-09-13	6	OCSdata
2021-09-14	11	OCSdata
2021-09-15	5	OCSdata
2021-09-16	13	OCSdata
2021-09-17	1	OCSdata
2021-09-18	9	OCSdata
2021-09-19	1	OCSdata
2021-09-20	12	OCSdata
2021-09-21	6	OCSdata
2021-09-22	13	OCSdata
2021-09-23	5	OCSdata
2021-09-24	15	OCSdata
2021-09-26	9	OCSdata
2021-09-27	18	OCSdata
2021-09-28	22	OCSdata
2021-09-29	20	OCSdata
2021-09-30	16	OCSdata
2021-10-01	14	OCSdata
2021-10-02	11	OCSdata
2021-10-03	2	OCSdata
2021-10-04	22	OCSdata
2021-10-05	30	OCSdata
2021-10-06	17	OCSdata
2021-10-07	14	OCSdata
2021-10-08	9	OCSdata
2021-10-09	11	OCSdata
2021-10-10	1	OCSdata
2021-10-11	16	OCSdata
2021-10-12	6	OCSdata
2021-10-13	15	OCSdata
2021-10-14	4	OCSdata
2021-10-15	12	OCSdata
2021-10-16	2	OCSdata
2021-10-17	15	OCSdata
2021-10-18	6	OCSdata
2021-10-19	16	OCSdata
2021-10-20	9	OCSdata
2021-10-21	14	OCSdata
2021-10-22	4	OCSdata
2021-10-23	15	OCSdata
2021-10-24	9	OCSdata
2021-10-25	22	OCSdata
2021-10-26	41	OCSdata
2021-10-27	78	OCSdata
2021-10-28	16	OCSdata
2021-10-29	19	OCSdata
2021-10-30	4	OCSdata
2021-10-31	16	OCSdata
2021-11-01	36	OCSdata
2021-11-02	37	OCSdata
2021-11-03	19	OCSdata
2021-11-04	35	OCSdata
2021-11-05	12	OCSdata
2021-11-06	21	OCSdata
2021-11-07	31	OCSdata
2021-11-08	74	OCSdata
2021-11-09	48	OCSdata
2021-11-10	82	OCSdata
2021-11-11	41	OCSdata
2021-11-12	22	OCSdata
2021-11-13	27	OCSdata
2021-11-14	9	OCSdata
2021-11-15	18	OCSdata
2021-11-16	4	OCSdata
2021-11-17	24	OCSdata
2021-11-18	5	OCSdata
2021-11-19	12	OCSdata
2021-11-20	6	OCSdata
2021-11-21	20	OCSdata
2021-11-22	9	OCSdata
2021-11-23	15	OCSdata
2021-11-24	12	OCSdata
2021-11-25	18	OCSdata
2021-11-26	4	OCSdata
2021-11-27	11	OCSdata
2021-11-28	2	OCSdata
2021-11-29	17	OCSdata
2021-11-30	37	OCSdata
2021-12-01	18	OCSdata
2021-12-02	10	OCSdata
2021-12-03	11	OCSdata
2021-12-04	4	OCSdata
2021-12-05	1	OCSdata
2021-12-06	15	OCSdata
2021-12-07	6	OCSdata
2021-12-08	14	OCSdata
2021-12-09	15	OCSdata
2021-12-10	6	OCSdata
2021-12-11	12	OCSdata
2021-12-12	5	OCSdata
2021-12-13	16	OCSdata
2021-12-14	6	OCSdata
2021-12-15	20	OCSdata
2021-12-16	5	OCSdata
2021-12-17	13	OCSdata
2021-12-18	1	OCSdata
2021-12-19	12	OCSdata
2021-12-20	6	OCSdata
2021-12-21	14	OCSdata
2021-12-22	5	OCSdata
2021-12-23	7	OCSdata
2021-12-24	11	OCSdata
2021-12-25	2	OCSdata
2021-12-26	11	OCSdata
2021-12-27	3	OCSdata
2021-12-28	13	OCSdata
2021-12-29	7	OCSdata
2021-12-30	17	OCSdata
2021-12-31	11	OCSdata
2022-01-01	1	OCSdata
2022-01-02	4	OCSdata
2022-01-03	2	OCSdata
2022-01-04	3	OCSdata
2022-01-05	9	OCSdata
2022-01-06	4	OCSdata
2022-01-07	1	OCSdata
2022-01-08	2	OCSdata
2022-01-09	8	OCSdata
2022-01-10	2	OCSdata
2022-01-11	11	OCSdata
2022-01-12	5	OCSdata
2022-01-13	15	OCSdata
2022-01-14	4	OCSdata
2022-01-15	12	OCSdata
2022-01-16	2	OCSdata
2022-01-17	2	OCSdata
2022-01-18	5	OCSdata
2022-01-19	9	OCSdata
2022-01-20	11	OCSdata
2022-01-21	1	OCSdata
2022-01-22	11	OCSdata
2022-01-23	2	OCSdata
2022-01-24	25	OCSdata
2022-01-25	4	OCSdata
2022-01-26	4	OCSdata
2022-01-27	5	OCSdata
2022-01-28	10	OCSdata
2022-01-29	4	OCSdata
2022-01-30	11	OCSdata
2022-01-31	3	OCSdata
2022-02-01	16	OCSdata
2022-02-02	5	OCSdata
2022-02-03	5	OCSdata
2022-02-04	2	OCSdata
2022-02-05	2	OCSdata
2022-02-06	14	OCSdata
2022-02-07	7	OCSdata
2022-02-08	21	OCSdata
2022-02-09	13	OCSdata
2022-02-10	13	OCSdata
2022-02-11	4	OCSdata
2022-02-12	12	OCSdata
2022-02-13	3	OCSdata
2022-02-14	9	OCSdata
2022-02-15	1	OCSdata
2022-02-16	17	OCSdata
2022-02-17	5	OCSdata
2022-02-18	14	OCSdata
2022-02-19	1	OCSdata
2022-02-20	1	OCSdata
2022-02-21	11	OCSdata
2022-02-23	18	OCSdata
2022-02-24	4	OCSdata
2022-02-25	8	OCSdata
2022-02-26	3	OCSdata
2022-02-27	11	OCSdata
2022-02-28	5	OCSdata
2022-03-01	20	OCSdata
2022-03-02	6	OCSdata
2022-03-03	15	OCSdata
2022-03-04	4	OCSdata
2022-03-05	11	OCSdata
2022-03-06	3	OCSdata
2022-03-07	18	OCSdata
2022-03-08	14	OCSdata
2022-03-09	20	OCSdata
2022-03-10	12	OCSdata
2022-03-11	17	OCSdata
2022-03-12	7	OCSdata
2022-03-13	10	OCSdata
2022-03-14	7	OCSdata
2022-03-15	26	OCSdata
2022-03-16	20	OCSdata
2022-03-17	26	OCSdata
2022-03-18	10	OCSdata
2022-03-19	10	OCSdata
2022-03-20	4	OCSdata
2022-03-21	13	OCSdata
2022-03-22	2	OCSdata
2022-03-23	19	OCSdata
2022-03-24	9	OCSdata
2022-03-25	15	OCSdata
2022-03-26	8	OCSdata
2022-03-27	11	OCSdata
2022-03-28	7	OCSdata
2022-03-29	14	OCSdata
2022-03-30	7	OCSdata
2022-03-31	13	OCSdata
2022-04-01	2	OCSdata
2022-04-02	11	OCSdata
2022-04-03	2	OCSdata
2022-04-04	11	OCSdata
2022-04-05	6	OCSdata
2022-04-06	21	OCSdata
2022-04-07	14	OCSdata
2022-04-08	2	OCSdata
2022-04-09	2	OCSdata
2022-04-10	9	OCSdata
2022-04-11	11	OCSdata
2022-04-12	1	OCSdata
2022-04-13	18	OCSdata
2022-04-14	11	OCSdata
2022-04-15	5	OCSdata
2022-04-16	14	OCSdata
2022-04-17	3	OCSdata
2022-04-18	24	OCSdata
2022-04-19	6	OCSdata
2022-04-20	16	OCSdata
2022-04-21	4	OCSdata
2022-04-22	12	OCSdata
2022-04-23	7	OCSdata
2022-04-24	10	OCSdata
2022-04-25	5	OCSdata
2022-04-26	4	OCSdata
2022-04-27	22	OCSdata
2022-04-28	2	OCSdata
2022-04-29	5	OCSdata
2022-04-30	10	OCSdata
2022-05-01	2	OCSdata
2022-05-02	17	OCSdata
2022-05-03	7	OCSdata
2022-05-04	20	OCSdata
2022-05-05	2	OCSdata
2022-05-06	15	OCSdata
2022-05-07	4	OCSdata
2022-05-08	12	OCSdata
2022-05-09	5	OCSdata
2022-05-10	13	OCSdata
2022-05-11	7	OCSdata
2022-05-12	16	OCSdata
2022-05-13	4	OCSdata
2022-05-14	12	OCSdata
2022-05-15	3	OCSdata
2022-05-16	16	OCSdata
2022-05-17	7	OCSdata
2022-05-18	16	OCSdata
2022-05-19	20	OCSdata
2022-05-20	7	OCSdata
2022-05-21	1	OCSdata
2022-05-22	12	OCSdata
2022-05-23	1	OCSdata
2022-05-24	2	OCSdata
2022-05-25	18	OCSdata
2022-05-26	5	OCSdata
2022-05-27	12	OCSdata
2022-05-28	6	OCSdata
2022-05-29	11	OCSdata
2022-05-30	3	OCSdata
2022-05-31	16	OCSdata
2022-06-01	6	OCSdata
2022-06-02	11	OCSdata
2022-06-03	2	OCSdata
2022-06-04	9	OCSdata
2022-06-05	3	OCSdata
2022-06-06	9	OCSdata
2022-06-07	3	OCSdata
2022-06-08	15	OCSdata
2022-06-09	5	OCSdata
2022-06-10	2	OCSdata
2022-06-11	11	OCSdata
2022-06-12	2	OCSdata
2022-06-13	14	OCSdata
2022-06-14	8	OCSdata
2022-06-15	11	OCSdata
2022-06-16	5	OCSdata
2022-06-17	6	OCSdata
2022-06-18	4	OCSdata
2022-06-19	2	OCSdata
2022-06-20	8	OCSdata
2022-06-21	2	OCSdata
2022-06-22	8	OCSdata
2022-06-23	5	OCSdata
2022-06-24	14	OCSdata
2022-06-25	3	OCSdata
2022-06-26	4	OCSdata
2022-06-27	8	OCSdata
2022-06-28	3	OCSdata
2022-06-29	11	OCSdata
2022-06-30	14	OCSdata
2022-07-01	14	OCSdata
2022-07-02	3	OCSdata
2022-07-03	17	OCSdata
2022-07-04	7	OCSdata
2022-07-05	1	OCSdata
2022-07-06	27	OCSdata
2022-07-07	3	OCSdata
2022-07-08	5	OCSdata
2022-07-09	14	OCSdata
2022-07-10	1	OCSdata
2022-07-11	10	OCSdata
2022-07-12	11	OCSdata
2022-07-13	11	OCSdata
2022-07-14	9	OCSdata
2022-07-15	13	OCSdata
2022-07-16	14	OCSdata
2022-07-17	3	OCSdata
2022-07-18	13	OCSdata
2022-07-19	2	OCSdata
2022-07-20	6	OCSdata
2022-07-21	12	OCSdata
2022-07-22	5	OCSdata
2022-07-23	4	OCSdata
2022-07-24	13	OCSdata
2022-07-25	4	OCSdata
2022-07-26	6	OCSdata
2022-07-27	20	OCSdata
2022-07-28	8	OCSdata
2022-07-29	6	OCSdata
2022-07-30	14	OCSdata
2022-07-31	13	OCSdata
2022-08-01	3	OCSdata
2022-08-02	4	OCSdata
2022-08-03	14	OCSdata
2022-08-04	4	OCSdata
2022-08-05	6	OCSdata
2022-08-06	11	OCSdata
2022-08-07	2	OCSdata
2022-08-09	12	OCSdata
2022-08-10	6	OCSdata
2022-08-11	6	OCSdata
2022-08-12	12	OCSdata
2022-08-13	3	OCSdata
2022-08-14	2	OCSdata
2022-08-15	14	OCSdata
2022-08-16	3	OCSdata
2022-08-17	7	OCSdata
2022-08-18	11	OCSdata
2022-08-19	3	OCSdata
2022-08-21	11	OCSdata
2022-08-22	3	OCSdata
2022-08-23	7	OCSdata
2022-08-24	14	OCSdata
2022-08-25	5	OCSdata
2022-08-26	1	OCSdata
2022-08-27	12	OCSdata
2022-08-28	4	OCSdata
2022-08-29	3	OCSdata
2022-08-30	12	OCSdata
2022-08-31	3	OCSdata
2022-09-01	3	OCSdata
2022-09-02	13	OCSdata
2022-09-04	2	OCSdata
2022-09-05	13	OCSdata
2022-09-06	6	OCSdata
2022-09-07	5	OCSdata
2022-09-08	15	OCSdata
2022-09-09	7	OCSdata
2022-09-10	5	OCSdata
2022-09-11	17	OCSdata
2022-09-12	5	OCSdata
2022-09-13	6	OCSdata
2022-09-14	20	OCSdata
2022-09-15	4	OCSdata
2022-09-16	6	OCSdata
2022-09-17	9	OCSdata
2022-09-18	2	OCSdata
2022-09-19	1	OCSdata
2022-09-20	12	OCSdata
2022-09-21	6	OCSdata
2022-09-22	5	OCSdata
2022-09-23	12	OCSdata
2022-09-25	5	OCSdata
2022-09-26	16	OCSdata
2022-09-27	7	OCSdata
2022-09-28	4	OCSdata
2022-09-29	9	OCSdata
2022-10-01	2	OCSdata
2022-10-02	11	OCSdata
2022-10-03	12	OCSdata
2022-10-04	5	OCSdata
2022-10-05	16	OCSdata
2022-10-06	11	OCSdata
2022-10-07	10	OCSdata
2022-10-08	13	OCSdata
2022-10-09	2	OCSdata
2022-10-10	4	OCSdata
2022-10-11	6	OCSdata
2022-10-12	18	OCSdata
2022-10-13	4	OCSdata
2022-10-14	8	OCSdata
2022-10-15	18	OCSdata
2022-10-17	33	OCSdata
2022-10-18	14	OCSdata
2022-10-19	1	OCSdata
2022-10-20	14	OCSdata
2022-10-21	2	OCSdata
2022-10-22	11	OCSdata
2022-10-23	14	OCSdata
2022-10-24	6	OCSdata
2022-10-25	6	OCSdata
2022-10-26	15	OCSdata
2022-10-27	2	OCSdata
2022-10-28	10	OCSdata
2022-10-30	1	OCSdata
2022-10-31	2	OCSdata
2022-11-01	7	OCSdata
2022-11-02	7	OCSdata
2022-11-03	11	OCSdata
2022-11-04	4	OCSdata
2022-11-05	9	OCSdata
2022-11-06	1	OCSdata
2022-11-07	16	OCSdata
2022-11-08	12	OCSdata
2022-11-09	7	OCSdata
2022-11-10	13	OCSdata
2022-11-11	4	OCSdata
2022-11-12	21	OCSdata
2022-11-13	5	OCSdata
2022-11-14	12	OCSdata
2022-11-15	3	OCSdata
2022-11-16	2	OCSdata
2022-11-17	9	OCSdata
2022-11-18	20	OCSdata
2022-11-19	3	OCSdata
2022-11-21	5	OCSdata
2022-11-22	12	OCSdata
2022-11-23	6	OCSdata
2022-11-24	6	OCSdata
2022-11-25	4	OCSdata
2022-11-26	4	OCSdata
2022-11-27	10	OCSdata
2022-11-28	9	OCSdata
2022-11-29	3	OCSdata
2022-11-30	3	OCSdata
2022-12-01	5	OCSdata
2022-12-02	4	OCSdata
2022-12-03	1	OCSdata
2022-12-04	2	OCSdata
2022-12-05	8	OCSdata
2022-12-06	5	OCSdata
2022-12-07	5	OCSdata
2022-12-08	1	OCSdata
2022-12-09	3	OCSdata
2022-12-10	1	OCSdata
2022-12-11	3	OCSdata
2022-12-12	3	OCSdata
2022-12-13	5	OCSdata
2022-12-14	6	OCSdata
2022-12-15	7	OCSdata
2022-12-16	8	OCSdata
2022-12-18	5	OCSdata
2022-12-19	2	OCSdata
2022-12-20	2	OCSdata
2022-12-21	10	OCSdata
2022-12-22	1	OCSdata
2022-12-23	16	OCSdata
2022-12-24	3	OCSdata
2022-12-25	2	OCSdata
2022-12-26	5	OCSdata
2022-12-27	1	OCSdata
2022-12-28	7	OCSdata
2022-12-29	1	OCSdata
2022-12-30	2	OCSdata
2022-12-31	1	OCSdata
2023-01-01	5	OCSdata
2023-01-02	6	OCSdata
2023-01-03	3	OCSdata
2023-01-04	12	OCSdata
2023-01-05	17	OCSdata
2023-01-06	6	OCSdata
2023-01-07	5	OCSdata
2023-01-09	32	OCSdata
2023-01-10	4	OCSdata
2023-01-11	6	OCSdata
2023-01-12	7	OCSdata
2023-01-13	5	OCSdata
2023-01-14	2	OCSdata
2023-01-15	2	OCSdata
2023-01-16	8	OCSdata
2023-01-17	14	OCSdata
2023-01-18	11	OCSdata
2023-01-19	9	OCSdata
2023-01-20	1	OCSdata
2023-01-21	6	OCSdata
2023-01-22	6	OCSdata
2023-01-23	8	OCSdata
2023-01-24	18	OCSdata
2023-01-25	2	OCSdata
2023-01-26	7	OCSdata
2023-01-27	3	OCSdata
2023-01-28	2	OCSdata
2023-01-29	2	OCSdata
2023-01-30	5	OCSdata
2023-01-31	6	OCSdata
2023-02-01	12	OCSdata
2023-02-02	5	OCSdata
2023-02-03	5	OCSdata
2023-02-04	1	OCSdata
2023-02-05	6	OCSdata
2023-02-06	3	OCSdata
2023-02-07	16	OCSdata
2023-02-08	6	OCSdata
2023-02-09	12	OCSdata
2023-02-10	4	OCSdata
2023-02-11	6	OCSdata
2023-02-12	5	OCSdata
2023-02-13	5	OCSdata
2023-02-14	20	OCSdata
2023-02-15	13	OCSdata
2023-02-16	18	OCSdata
2023-02-17	7	OCSdata
2023-02-18	4	OCSdata
2023-02-19	5	OCSdata
2023-02-20	3	OCSdata
2023-02-21	11	OCSdata
2023-02-22	8	OCSdata
2023-02-23	9	OCSdata
2023-02-24	20	OCSdata
2023-02-25	4	OCSdata
2023-02-26	13	OCSdata
2023-02-27	8	OCSdata
2023-02-28	5	OCSdata
2023-03-01	30	OCSdata
2023-03-02	32	OCSdata
2023-03-03	9	OCSdata
2023-03-04	14	OCSdata
2023-03-05	37	OCSdata
2023-03-06	15	OCSdata
2023-03-07	68	OCSdata
2023-03-08	2	OCSdata
2023-03-09	5	OCSdata
2023-03-10	7	OCSdata
2023-03-11	3	OCSdata
2023-03-12	3	OCSdata
2023-03-13	2	OCSdata
2023-03-14	2	OCSdata
2023-03-15	12	OCSdata
2023-03-16	10	OCSdata
2023-03-17	2	OCSdata
2023-03-18	7	OCSdata
2023-03-19	5	OCSdata
2023-03-20	21	OCSdata
2023-03-21	13	OCSdata
2023-03-22	7	OCSdata
2023-03-23	2	OCSdata
2023-03-24	8	OCSdata
2023-03-25	3	OCSdata
2023-03-26	12	OCSdata
2023-03-27	11	OCSdata
2023-03-28	7	OCSdata
2023-03-29	6	OCSdata
2023-03-30	2	OCSdata
2023-03-31	5	OCSdata
2023-04-01	4	OCSdata
2023-04-02	6	OCSdata
2023-04-03	4	OCSdata
2023-04-04	3	OCSdata
2023-04-05	7	OCSdata
2023-04-06	3	OCSdata
2023-04-07	11	OCSdata
2023-04-08	10	OCSdata
2023-04-09	2	OCSdata
2023-04-10	3	OCSdata
2023-04-11	3	OCSdata
2023-04-12	10	OCSdata
2023-04-13	5	OCSdata
2023-04-14	14	OCSdata
2023-04-15	3	OCSdata
2023-04-16	4	OCSdata
2023-04-17	8	OCSdata
2023-04-18	16	OCSdata
2023-04-19	24	OCSdata
2023-04-20	10	OCSdata
2023-04-21	7	OCSdata
2023-04-22	4	OCSdata
2023-04-23	4	OCSdata
2023-04-24	22	OCSdata
2023-04-25	6	OCSdata
2023-04-26	12	OCSdata
2023-04-27	15	OCSdata
2023-04-28	6	OCSdata
2023-04-29	2	OCSdata
2023-04-30	2	OCSdata
2023-05-01	6	OCSdata
2023-05-02	8	OCSdata
2023-05-03	7	OCSdata
2023-05-04	5	OCSdata
2023-05-05	5	OCSdata
2023-05-06	8	OCSdata
2023-05-07	2	OCSdata
2023-05-08	41	OCSdata
2023-05-09	7	OCSdata
2023-05-10	11	OCSdata
2023-05-11	9	OCSdata
2023-05-12	12	OCSdata
2023-05-13	6	OCSdata
2023-05-14	3	OCSdata
2023-05-15	4	OCSdata
2023-05-16	11	OCSdata
2023-05-17	12	OCSdata
2023-05-18	7	OCSdata
2023-05-19	3	OCSdata
2023-05-20	8	OCSdata
2023-05-21	2	OCSdata
2023-05-22	6	OCSdata
2023-05-23	10	OCSdata
2023-05-24	12	OCSdata
2023-05-25	6	OCSdata
2023-05-26	6	OCSdata
2023-05-27	3	OCSdata
2023-05-28	7	OCSdata
2023-05-29	4	OCSdata
2023-05-30	6	OCSdata
2023-05-31	5	OCSdata
2023-06-01	14	OCSdata
2023-06-02	16	OCSdata
2023-06-03	1	OCSdata
2023-06-04	5	OCSdata
2023-06-05	8	OCSdata
2023-06-06	3	OCSdata
2023-06-07	1	OCSdata
2023-06-08	7	OCSdata
2023-06-09	10	OCSdata
2023-06-10	4	OCSdata
2023-06-11	5	OCSdata
2023-06-12	37	OCSdata
2023-06-13	12	OCSdata
2023-06-14	8	OCSdata
2023-06-15	4	OCSdata
2023-06-16	13	OCSdata
2023-06-17	3	OCSdata
2023-06-18	2	OCSdata
2023-06-19	7	OCSdata
2023-06-20	7	OCSdata
2023-06-21	11	OCSdata
2023-06-22	9	OCSdata
2023-06-23	4	OCSdata
2023-06-24	6	OCSdata
2023-06-25	11	OCSdata
2023-06-26	4	OCSdata
2023-06-27	5	OCSdata
2023-06-28	15	OCSdata
2023-06-29	7	OCSdata
2023-06-30	3	OCSdata
2023-07-01	9	OCSdata
2023-07-02	9	OCSdata
2023-07-03	10	OCSdata
2023-07-04	5	OCSdata
2023-07-05	21	OCSdata
2023-07-06	6	OCSdata
2023-07-07	11	OCSdata
2023-07-08	9	OCSdata
2023-07-09	5	OCSdata
2023-07-10	7	OCSdata
2023-07-11	4	OCSdata
2023-07-12	14	OCSdata
2023-07-13	2	OCSdata
2023-07-14	3	OCSdata
2023-07-16	2	OCSdata
2023-07-17	8	OCSdata
2023-07-18	7	OCSdata
2023-07-19	5	OCSdata
2023-07-20	6	OCSdata
2023-07-21	4	OCSdata
2023-07-22	2	OCSdata
2023-07-23	8	OCSdata
2023-07-24	2	OCSdata
2023-07-25	10	OCSdata
2023-07-26	13	OCSdata
2023-07-27	4	OCSdata
2023-07-28	3	OCSdata
2023-07-29	2	OCSdata
2023-08-01	6	OCSdata
2023-08-02	14	OCSdata
2023-08-03	4	OCSdata
2023-08-04	4	OCSdata
2023-08-05	7	OCSdata
2023-08-06	11	OCSdata
2023-08-07	2	OCSdata
2023-08-08	13	OCSdata
2023-08-09	14	OCSdata
2023-08-10	4	OCSdata
2023-08-11	5	OCSdata
2023-08-12	6	OCSdata
2023-08-14	6	OCSdata
2023-08-15	14	OCSdata
2023-08-16	7	OCSdata
2023-08-17	3	OCSdata
2023-08-18	10	OCSdata
2023-08-19	4	OCSdata
2023-08-20	2	OCSdata
2023-08-21	10	OCSdata
2023-08-22	2	OCSdata
2023-08-23	3	OCSdata
2023-08-24	11	OCSdata
2023-08-25	12	OCSdata
2023-08-26	3	OCSdata
2023-08-27	3	OCSdata
2023-08-28	9	OCSdata
2023-08-29	2	OCSdata
2023-08-30	6	OCSdata
2023-08-31	10	OCSdata
2023-09-01	7	OCSdata
2023-09-02	1	OCSdata
2023-09-03	10	OCSdata
2023-09-04	6	OCSdata
2023-09-05	5	OCSdata
2023-09-06	10	OCSdata
2023-09-07	3	OCSdata
2023-09-08	3	OCSdata
2023-09-09	7	OCSdata
2023-09-10	4	OCSdata
2023-09-11	4	OCSdata
2023-09-12	14	OCSdata
2023-09-13	6	OCSdata
2023-09-14	2	OCSdata
2023-09-15	11	OCSdata
2023-09-16	10	OCSdata
2023-09-17	3	OCSdata
2023-09-18	4	OCSdata
2023-09-19	12	OCSdata
2023-09-20	4	OCSdata
2023-09-21	2	OCSdata
2023-09-22	16	OCSdata
2023-09-23	9	OCSdata
2023-09-24	1	OCSdata
2023-09-25	5	OCSdata
2023-09-26	6	OCSdata
2023-09-27	8	OCSdata
2023-09-28	6	OCSdata
2023-09-29	9	OCSdata
2023-09-30	2	OCSdata
2023-10-01	1	OCSdata
2023-10-02	16	OCSdata
2023-10-03	2	OCSdata
2023-10-04	3	OCSdata
2023-10-05	19	OCSdata
2023-10-06	7	OCSdata
2023-10-07	1	OCSdata
2023-10-08	10	OCSdata
2023-10-09	4	OCSdata
2023-10-10	4	OCSdata
2023-10-11	3	OCSdata
2023-10-12	7	OCSdata
2023-10-13	3	OCSdata
2023-10-14	4	OCSdata
2023-10-15	10	OCSdata
2023-10-16	7	OCSdata
2023-10-17	5	OCSdata
2023-10-18	11	OCSdata
2023-10-19	4	OCSdata
2023-10-20	2	OCSdata
2023-10-21	4	OCSdata
2023-10-22	18	OCSdata
2023-10-23	8	OCSdata
2023-10-24	5	OCSdata
2023-10-25	6	OCSdata
2023-10-26	17	OCSdata
2023-10-27	3	OCSdata
2023-10-28	3	OCSdata
2023-10-30	10	OCSdata
2023-10-31	7	OCSdata
2023-11-01	9	OCSdata
2023-11-02	13	OCSdata
2023-11-03	10	OCSdata
2023-11-04	6	OCSdata
2023-11-06	10	OCSdata
2023-11-07	5	OCSdata
2023-11-08	9	OCSdata
2023-11-09	15	OCSdata
2023-11-10	1	OCSdata
2023-11-11	2	OCSdata
2023-11-12	2	OCSdata
2023-11-13	9	OCSdata
2023-11-14	4	OCSdata
2023-11-15	18	OCSdata
2023-11-16	8	OCSdata
2023-11-17	15	OCSdata
2023-11-18	4	OCSdata
2023-11-19	4	OCSdata
2023-11-20	7	OCSdata
2023-11-21	5	OCSdata
2023-11-22	2	OCSdata
2023-11-23	1	OCSdata
2023-11-24	4	OCSdata
2023-11-25	1	OCSdata
2023-11-26	10	OCSdata
2023-11-27	8	OCSdata
2023-11-28	14	OCSdata
2023-11-29	10	OCSdata
2023-11-30	17	OCSdata
2023-12-01	18	OCSdata
2023-12-02	9	OCSdata
2023-12-03	11	OCSdata
2023-12-04	6	OCSdata
2023-12-05	9	OCSdata
2023-12-06	19	OCSdata
2023-12-07	17	OCSdata
2023-12-08	4	OCSdata
2023-12-09	9	OCSdata
2023-12-10	11	OCSdata
2023-12-11	17	OCSdata
2023-12-12	7	OCSdata
2023-12-13	6	OCSdata
2023-12-14	10	OCSdata
2023-12-15	5	OCSdata
2023-12-16	4	OCSdata
2023-12-17	4	OCSdata
2023-12-18	7	OCSdata
2023-12-19	1	OCSdata
2023-12-20	8	OCSdata
2023-12-21	7	OCSdata
2023-12-22	3	OCSdata
2023-12-23	1	OCSdata
2023-12-24	10	OCSdata
2023-12-25	2	OCSdata
2023-12-26	2	OCSdata
2023-12-27	10	OCSdata
2023-12-28	8	OCSdata
2023-12-30	2	OCSdata
2023-12-31	8	OCSdata
2024-01-02	4	OCSdata
2024-01-03	9	OCSdata
2024-01-04	3	OCSdata
2024-01-05	3	OCSdata
2024-01-06	22	OCSdata
2024-01-07	7	OCSdata
2024-01-08	31	OCSdata
2024-01-09	3	OCSdata
2024-01-10	12	OCSdata
2024-01-11	10	OCSdata
2024-01-12	9	OCSdata
2024-01-13	1	OCSdata
2024-01-14	8	OCSdata
2024-01-15	3	OCSdata
2024-01-16	8	OCSdata
2024-01-17	13	OCSdata
2024-01-18	3	OCSdata
2024-01-19	2	OCSdata
2024-01-20	9	OCSdata
2024-01-21	2	OCSdata
2024-01-22	3	OCSdata
2024-01-23	20	OCSdata
2024-01-24	105	OCSdata
2024-01-25	104	OCSdata
2024-01-26	9	OCSdata
2024-01-27	1	OCSdata
2024-01-28	1	OCSdata
2024-01-29	23	OCSdata
2024-01-30	20	OCSdata
2024-01-31	9	OCSdata
2024-02-01	9	OCSdata
2024-02-02	8	OCSdata
2024-02-03	3	OCSdata
2024-02-04	10	OCSdata
2024-02-05	11	OCSdata
2024-02-06	25	OCSdata
2024-02-07	14	OCSdata
2024-02-08	12	OCSdata
2024-02-09	1	OCSdata
2024-02-10	3	OCSdata
2024-02-11	7	OCSdata
2024-02-12	2	OCSdata
2024-02-13	6	OCSdata
2024-02-14	10	OCSdata
2024-02-15	2	OCSdata
2024-02-16	4	OCSdata
2024-02-17	8	OCSdata
2024-02-18	1	OCSdata
2024-02-19	5	OCSdata
2024-02-20	12	OCSdata
2024-02-21	5	OCSdata
2024-02-22	9	OCSdata
2024-02-23	13	OCSdata
2024-02-24	3	OCSdata
2024-02-25	2	OCSdata
2024-02-26	4	OCSdata
2024-02-27	8	OCSdata
2024-02-28	9	OCSdata
2024-02-29	4	OCSdata
2024-03-01	9	OCSdata
2024-03-03	1	OCSdata
2024-03-04	11	OCSdata
2024-03-05	3	OCSdata
2024-03-06	8	OCSdata
2024-03-07	7	OCSdata
2024-03-08	5	OCSdata
2024-03-09	3	OCSdata
2024-03-10	9	OCSdata
2024-03-11	2	OCSdata
2024-03-12	5	OCSdata
2024-03-13	13	OCSdata
2024-03-14	8	OCSdata
2024-03-15	4	OCSdata
2024-03-16	14	OCSdata
2024-03-17	3	OCSdata
2024-03-18	1	OCSdata
2024-03-19	11	OCSdata
2024-03-20	6	OCSdata
2024-03-21	6	OCSdata
2024-03-22	8	OCSdata
2024-03-23	6	OCSdata
2024-03-24	3	OCSdata
2024-03-25	8	OCSdata
2024-03-26	6	OCSdata
2024-03-27	6	OCSdata
2024-03-28	12	OCSdata
2024-03-29	7	OCSdata
2024-03-30	11	OCSdata
2024-03-31	5	OCSdata
2024-04-01	4	OCSdata
2024-04-02	9	OCSdata
2024-04-03	8	OCSdata
2024-04-04	9	OCSdata
2024-04-05	10	OCSdata
2024-04-07	2	OCSdata
2024-04-08	8	OCSdata
2024-04-09	1	OCSdata
2024-04-10	5	OCSdata
2024-04-11	9	OCSdata
2024-04-13	2	OCSdata
2024-04-14	7	OCSdata
2024-04-15	2	OCSdata
2024-04-16	4	OCSdata
2024-04-17	17	OCSdata
2024-04-18	9	OCSdata
2024-04-19	7	OCSdata
2024-04-20	9	OCSdata
2024-04-21	5	OCSdata
2024-04-22	8	OCSdata
2024-04-23	13	OCSdata
2024-04-24	5	OCSdata
2024-04-25	8	OCSdata
2024-04-26	13	OCSdata
2024-04-27	6	OCSdata
2024-04-28	4	OCSdata
2024-04-29	18	OCSdata
2024-04-30	4	OCSdata
2024-05-01	10	OCSdata
2024-05-02	12	OCSdata
2024-05-03	2	OCSdata
2024-05-04	2	OCSdata
2024-05-05	7	OCSdata
2024-05-06	15	OCSdata
2024-05-07	3	OCSdata
2024-05-08	14	OCSdata
2024-05-09	8	OCSdata
2024-05-10	6	OCSdata
2024-05-11	3	OCSdata
2024-05-12	11	OCSdata
2024-05-13	4	OCSdata
2024-05-14	9	OCSdata
2024-05-15	16	OCSdata
2024-05-16	7	OCSdata
2024-05-17	9	OCSdata
2024-05-18	1	OCSdata
2024-05-19	8	OCSdata
2024-05-20	3	OCSdata
2024-05-21	9	OCSdata
2024-05-22	15	OCSdata
2024-05-23	5	OCSdata
2024-05-24	5	OCSdata
2024-05-25	10	OCSdata
2024-05-26	16	OCSdata
2024-05-27	4	OCSdata
2024-05-28	5	OCSdata
2024-05-29	12	OCSdata
2024-05-30	11	OCSdata
2024-05-31	9	OCSdata
2024-06-01	13	OCSdata
2024-06-02	5	OCSdata
2024-06-04	11	OCSdata
2024-06-05	6	OCSdata
2024-06-06	2	OCSdata
2024-06-07	13	OCSdata
2024-06-08	2	OCSdata
2024-06-10	16	OCSdata
2024-06-11	5	OCSdata
2024-06-12	4	OCSdata
2024-06-13	9	OCSdata
2024-06-14	3	OCSdata
2024-06-15	2	OCSdata
2024-06-16	9	OCSdata
2024-06-17	5	OCSdata
2024-06-18	2	OCSdata
2024-06-19	16	OCSdata
2024-06-20	7	OCSdata
2024-06-21	10	OCSdata
2024-06-22	12	OCSdata
2024-06-23	4	OCSdata
2024-06-24	6	OCSdata
2024-06-25	11	OCSdata
2024-06-26	9	OCSdata
2024-06-27	6	OCSdata
2024-06-28	7	OCSdata
2024-06-29	1	OCSdata
2024-07-01	14	OCSdata
2024-07-02	3	OCSdata
2024-07-03	8	OCSdata
2024-07-04	10	OCSdata
2024-07-05	4	OCSdata
2024-07-06	2	OCSdata
2024-07-08	12	OCSdata
2024-07-09	7	OCSdata
2024-07-10	9	OCSdata
2024-07-12	4	OCSdata
2024-07-13	1	OCSdata
2024-07-14	3	OCSdata
2024-07-15	3	OCSdata
2024-07-16	8	OCSdata
2024-07-17	11	OCSdata
2024-07-18	6	OCSdata
2024-07-19	2	OCSdata
2024-07-20	2	OCSdata
2024-07-22	4	OCSdata
2024-07-23	18	OCSdata
2024-07-24	18	OCSdata
2024-07-25	1	OCSdata
2024-07-26	11	OCSdata
2024-07-28	4	OCSdata
2024-07-29	8	OCSdata
2024-07-30	5	OCSdata
2024-07-31	9	OCSdata
2024-08-01	10	OCSdata
2024-08-02	2	OCSdata
2024-08-03	3	OCSdata
2024-08-04	8	OCSdata
2024-08-05	2	OCSdata
2024-08-06	12	OCSdata
2024-08-07	12	OCSdata
2024-08-08	4	OCSdata
2024-08-09	3	OCSdata
2024-08-10	9	OCSdata
2024-08-11	8	OCSdata
2024-08-12	12	OCSdata
2024-08-13	13	OCSdata
2024-08-14	10	OCSdata
2024-08-15	14	OCSdata
2024-08-16	12	OCSdata
2024-08-17	7	OCSdata
2024-08-18	7	OCSdata
2024-08-19	9	OCSdata
2024-08-20	9	OCSdata
2024-08-21	15	OCSdata
2024-08-22	18	OCSdata
2024-08-23	9	OCSdata
2024-08-24	16	OCSdata
2024-08-25	2	OCSdata
2024-08-26	3	OCSdata
2024-08-27	9	OCSdata
2024-08-28	11	OCSdata
2024-08-29	3	OCSdata
2024-08-30	10	OCSdata
2024-09-01	2	OCSdata
2024-09-02	9	OCSdata
2024-09-03	10	OCSdata
2024-09-04	9	OCSdata
2024-09-05	11	OCSdata
2024-09-06	3	OCSdata
2024-09-08	9	OCSdata
2024-09-09	4	OCSdata
2024-09-10	5	OCSdata
2024-09-11	30	OCSdata
2024-09-12	5	OCSdata
2024-09-13	1	OCSdata
2024-09-14	11	OCSdata
2024-09-15	2	OCSdata
2024-09-17	7	OCSdata
2024-09-18	3	OCSdata
2024-09-19	5	OCSdata
2024-09-20	8	OCSdata
2024-09-21	9	OCSdata
2024-09-22	1	OCSdata
2024-09-23	14	OCSdata
2024-09-24	5	OCSdata
2024-09-25	9	OCSdata
2024-09-26	11	OCSdata
2024-09-27	3	OCSdata
2024-09-28	6	OCSdata
2024-09-29	10	OCSdata
2024-09-30	3	OCSdata
2024-10-01	1	OCSdata
2024-10-02	26	OCSdata
2024-10-03	7	OCSdata
2024-10-04	2	OCSdata
2024-10-05	7	OCSdata
2024-10-07	1	OCSdata
2024-10-08	9	OCSdata
2024-10-09	8	OCSdata
2024-10-10	2	OCSdata
2024-10-11	9	OCSdata
2024-10-12	5	OCSdata
2024-10-13	2	OCSdata
2024-10-14	11	OCSdata
2024-10-15	3	OCSdata
2024-10-16	5	OCSdata
2024-10-17	8	OCSdata
2024-10-18	2	OCSdata
2024-10-19	7	OCSdata
2024-10-20	10	OCSdata
2024-10-21	5	OCSdata
2024-10-22	6	OCSdata
2024-10-23	13	OCSdata
2024-10-24	4	OCSdata
2024-10-25	1	OCSdata
2024-10-26	2	OCSdata
2024-10-27	10	OCSdata
2024-10-28	5	OCSdata
2024-10-29	3	OCSdata
2024-10-30	13	OCSdata
2024-10-31	6	OCSdata
2024-11-01	6	OCSdata
2024-11-02	11	OCSdata
2024-11-03	7	OCSdata
2024-11-04	6	OCSdata
2024-11-05	20	OCSdata
2024-11-06	7	OCSdata
2024-11-07	63	OCSdata
2024-11-08	19	OCSdata
2024-11-09	3	OCSdata
2024-11-10	5	OCSdata
2024-11-11	22	OCSdata
2024-11-12	34	OCSdata
2024-11-13	11	OCSdata
2024-11-14	31	OCSdata
2024-11-15	20	OCSdata
2024-11-16	3	OCSdata
2024-11-17	9	OCSdata
2024-11-18	4	OCSdata
2024-11-19	4	OCSdata
2024-11-20	18	OCSdata
2024-11-21	18	OCSdata
2024-11-22	5	OCSdata
2024-11-23	11	OCSdata
2024-11-24	1	OCSdata
2024-11-25	7	OCSdata
2024-11-26	11	OCSdata
2024-11-27	4	OCSdata
2024-11-29	10	OCSdata
2024-11-30	2	OCSdata
2024-12-01	1	OCSdata
2024-12-02	11	OCSdata
2024-12-03	6	OCSdata
2024-12-04	9	OCSdata
2024-12-05	12	OCSdata
2024-12-06	1	OCSdata
2024-12-07	1	OCSdata
2024-12-08	8	OCSdata
2024-12-09	4	OCSdata
2024-12-10	1	OCSdata
2024-12-11	11	OCSdata
2024-12-12	3	OCSdata
2024-12-13	5	OCSdata
2024-12-14	8	OCSdata
2024-12-15	1	OCSdata
2024-12-16	4	OCSdata
2024-12-17	7	OCSdata
2024-12-18	5	OCSdata
2024-12-19	7	OCSdata
2024-12-20	7	OCSdata
2024-12-21	4	OCSdata
2024-12-22	10	OCSdata
2024-12-23	7	OCSdata
2024-12-24	1	OCSdata
2024-12-25	5	OCSdata
2024-12-26	9	OCSdata
2024-12-27	3	OCSdata
2024-12-28	2	OCSdata
2024-12-29	6	OCSdata
2024-12-30	2	OCSdata
2025-01-01	17	OCSdata
2025-01-02	16	OCSdata
2025-01-03	18	OCSdata
2025-01-04	19	OCSdata
2025-01-05	1	OCSdata
2025-01-06	10	OCSdata
2025-01-07	7	OCSdata
2025-01-08	7	OCSdata
2025-01-09	1	OCSdata
2025-01-10	11	OCSdata
2025-01-12	1	OCSdata
2025-01-13	6	OCSdata
2025-01-14	13	OCSdata
2025-01-15	9	OCSdata
2025-01-16	4	OCSdata
2025-01-17	13	OCSdata
2025-01-18	16	OCSdata
2025-01-19	4	OCSdata
2025-01-20	21	OCSdata
2025-01-21	20	OCSdata
2025-01-22	41	OCSdata
2025-01-23	12	OCSdata
2025-01-24	9	OCSdata
2025-01-25	2	OCSdata
2025-01-26	2	OCSdata
2025-01-27	9	OCSdata
2025-01-28	1	OCSdata
2025-01-29	8	OCSdata
2025-01-30	9	OCSdata
2025-01-31	3	OCSdata
2025-02-01	3	OCSdata
2025-02-02	6	OCSdata
2025-02-03	1	OCSdata
2025-02-04	3	OCSdata
2025-02-05	12	OCSdata
2025-02-06	8	OCSdata
2025-02-07	5	OCSdata
2025-02-08	16	OCSdata
2025-02-09	7	OCSdata
2025-02-10	9	OCSdata
2025-02-11	11	OCSdata
2025-02-12	11	OCSdata
2025-02-13	12	OCSdata
2025-02-14	11	OCSdata
2025-02-15	3	OCSdata
2025-02-16	4	OCSdata
2025-02-17	14	OCSdata
2025-02-18	6	OCSdata
2025-02-19	11	OCSdata
2025-02-20	32	OCSdata
2025-02-21	14	OCSdata
2025-02-22	3	OCSdata
2025-02-23	11	OCSdata
2025-02-24	5	OCSdata
2025-02-25	10	OCSdata
2025-02-26	10	OCSdata
2025-02-27	3	OCSdata
2025-02-28	2	OCSdata
2025-03-01	15	OCSdata
2025-03-02	8	OCSdata
2025-03-03	4	OCSdata
2025-03-04	14	OCSdata
2025-03-05	8	OCSdata
2025-03-06	4	OCSdata
2025-03-07	3	OCSdata
2025-03-08	9	OCSdata
2025-03-09	2	OCSdata
2025-03-10	4	OCSdata
2025-03-11	10	OCSdata
2025-03-12	4	OCSdata
2025-03-13	13	OCSdata
2025-03-14	2	OCSdata
2025-03-15	6	OCSdata
2025-03-16	2	OCSdata
2025-03-17	1	OCSdata
2025-03-18	16	OCSdata
2025-03-20	9	OCSdata
2025-03-21	5	OCSdata
2025-03-22	6	OCSdata
2025-03-23	4	OCSdata
2025-03-24	11	OCSdata
2025-03-25	4	OCSdata
2025-03-26	2	OCSdata
2025-03-27	10	OCSdata
2025-03-28	11	OCSdata
